<?xml version="1.0" encoding="utf-8" ?><dwsync><file name="public_ancestor_ancestor1.out" server="junkfood.cs.umd.edu//fs/www/class/fall2016/cmsc330/" local="3547387144" remote="3554909469" Dst="-1" /><file name="public_ancestor_ancestor2.out" server="junkfood.cs.umd.edu//fs/www/class/fall2016/cmsc330/" local="3547388208" remote="3554909469" Dst="-1" /><file name="public_ancestor_ancestor3.out" server="junkfood.cs.umd.edu//fs/www/class/fall2016/cmsc330/" local="3547388286" remote="3554909469" Dst="-1" /><file name="public_ancestor_ancestor4.out" server="junkfood.cs.umd.edu//fs/www/class/fall2016/cmsc330/" local="3547388304" remote="3554909469" Dst="-1" /><file name="public_edges1.out" server="junkfood.cs.umd.edu//fs/www/class/fall2016/cmsc330/" local="3547386636" remote="3554909469" Dst="-1" /><file name="public_invalid1.out" server="junkfood.cs.umd.edu//fs/www/class/fall2016/cmsc330/" local="3547426668" remote="3554909469" Dst="-1" /><file name="public_invalid2.out" server="junkfood.cs.umd.edu//fs/www/class/fall2016/cmsc330/" local="3547426676" remote="3554909469" Dst="-1" /><file name="public_isnoun_isnoun1.out" server="junkfood.cs.umd.edu//fs/www/class/fall2016/cmsc330/" local="3537755776" remote="3554909469" Dst="-1" /><file name="public_isnoun_isnoun2.out" server="junkfood.cs.umd.edu//fs/www/class/fall2016/cmsc330/" local="3547386100" remote="3554909470" Dst="-1" /><file name="public_length_length1.out" server="junkfood.cs.umd.edu//fs/www/class/fall2016/cmsc330/" local="3547387144" remote="3554909470" Dst="-1" /><file name="public_length_length2.out" server="junkfood.cs.umd.edu//fs/www/class/fall2016/cmsc330/" local="3547387160" remote="3554909470" Dst="-1" /><file name="public_length_length3.out" server="junkfood.cs.umd.edu//fs/www/class/fall2016/cmsc330/" local="3547387944" remote="3554909470" Dst="-1" /><file name="public_length_length4.out" server="junkfood.cs.umd.edu//fs/www/class/fall2016/cmsc330/" local="3547387170" remote="3554909470" Dst="-1" /><file name="public_nouns1.out" server="junkfood.cs.umd.edu//fs/www/class/fall2016/cmsc330/" local="3547386286" remote="3554909470" Dst="-1" /><file name="public_outcast_outcast1.out" server="junkfood.cs.umd.edu//fs/www/class/fall2016/cmsc330/" local="3547561182" remote="3554909470" Dst="-1" /><file name="public_outcast_outcast2.out" server="junkfood.cs.umd.edu//fs/www/class/fall2016/cmsc330/" local="3547561216" remote="3554909470" Dst="-1" /><file name="public_outcast_outcast3.out" server="junkfood.cs.umd.edu//fs/www/class/fall2016/cmsc330/" local="3547390192" remote="3554909470" Dst="-1" /><file name="public_root_root1.out" server="junkfood.cs.umd.edu//fs/www/class/fall2016/cmsc330/" local="3547389236" remote="3554909470" Dst="-1" /><file name="public_root_root2.out" server="junkfood.cs.umd.edu//fs/www/class/fall2016/cmsc330/" local="3547389252" remote="3554909471" Dst="-1" /><file name="public_root_root3.out" server="junkfood.cs.umd.edu//fs/www/class/fall2016/cmsc330/" local="3547424928" remote="3554909471" Dst="-1" /></dwsync>