<?xml version="1.0" encoding="utf-8" ?><dwsync><file name=".DS_Store" server="junkfood.cs.umd.edu//fs/www/class/summer2016/cmsc330/" local="3547487077" remote="3547507460" Dst="-1" /><file name=".submit" server="junkfood.cs.umd.edu//fs/www/class/summer2016/cmsc330/" local="3547507775" remote="3547507781" Dst="-1" /><file name="header.html" server="junkfood.cs.umd.edu//fs/www/class/summer2016/cmsc330/" local="3547557808" remote="3547557808" Dst="-1" /><file name="style.css" server="junkfood.cs.umd.edu//fs/www/class/summer2016/cmsc330/" local="3537027542" remote="3547507469" Dst="-1" /><file name="submit.jar" server="junkfood.cs.umd.edu//fs/www/class/summer2016/cmsc330/" local="3535385248" remote="3547507470" Dst="-1" /><file name="submit.rb" server="junkfood.cs.umd.edu//fs/www/class/summer2016/cmsc330/" local="3535385248" remote="3547507470" Dst="-1" /><file name="submit1.jpg" server="junkfood.cs.umd.edu//fs/www/class/summer2016/cmsc330/" local="3535385248" remote="3547507470" Dst="-1" /><file name="submit2.jpg" server="junkfood.cs.umd.edu//fs/www/class/summer2016/cmsc330/" local="3535385248" remote="3547507470" Dst="-1" /><file name="test.rb" server="junkfood.cs.umd.edu//fs/www/class/summer2016/cmsc330/" local="3537136806" remote="3547507470" Dst="-1" /><file name="wordnet-fig1.png" server="junkfood.cs.umd.edu//fs/www/class/summer2016/cmsc330/" local="3536008842" remote="3547507474" Dst="-1" /><file name="wordnet-fig2.png" server="junkfood.cs.umd.edu//fs/www/class/summer2016/cmsc330/" local="3547402402" remote="3547507474" Dst="-1" /><file name="wordnet.rb" server="junkfood.cs.umd.edu//fs/www/class/summer2016/cmsc330/" local="3547433626" remote="3547507474" Dst="-1" /><file name="p1.zip" server="junkfood.cs.umd.edu//fs/www/class/summer2016/cmsc330/" local="3548083843" remote="3548083877" Dst="-1" /><file name=".DS_Store" server="junkfood.cs.umd.edu//fs/www/class/fall2016/cmsc330/" local="3554907967" remote="3554909461" Dst="-1" /><file name=".submit" server="junkfood.cs.umd.edu//fs/www/class/fall2016/cmsc330/" local="3554908817" remote="3554909461" Dst="-1" /><file name="header.html" server="junkfood.cs.umd.edu//fs/www/class/fall2016/cmsc330/" local="3547557808" remote="3554909461" Dst="-1" /><file name="p1.shtml" server="junkfood.cs.umd.edu//fs/www/class/fall2016/cmsc330/" local="3554741437" remote="3554983953" Dst="-1" /><file name="p1.zip" server="junkfood.cs.umd.edu//fs/www/class/fall2016/cmsc330/" local="3555002156" remote="3555002093" Dst="-1" /><file name="style.css" server="junkfood.cs.umd.edu//fs/www/class/fall2016/cmsc330/" local="3537027542" remote="3554909473" Dst="-1" /><file name="submit.jar" server="junkfood.cs.umd.edu//fs/www/class/fall2016/cmsc330/" local="3535385248" remote="3554909474" Dst="-1" /><file name="submit.rb" server="junkfood.cs.umd.edu//fs/www/class/fall2016/cmsc330/" local="3535385248" remote="3554909474" Dst="-1" /><file name="submit1.jpg" server="junkfood.cs.umd.edu//fs/www/class/fall2016/cmsc330/" local="3535385248" remote="3554909474" Dst="-1" /><file name="submit2.jpg" server="junkfood.cs.umd.edu//fs/www/class/fall2016/cmsc330/" local="3535385248" remote="3554909474" Dst="-1" /><file name="test.rb" server="junkfood.cs.umd.edu//fs/www/class/fall2016/cmsc330/" local="3537136806" remote="3554909475" Dst="-1" /><file name="wordnet-fig1.png" server="junkfood.cs.umd.edu//fs/www/class/fall2016/cmsc330/" local="3536008842" remote="3554909478" Dst="-1" /><file name="wordnet-fig2.png" server="junkfood.cs.umd.edu//fs/www/class/fall2016/cmsc330/" local="3547402402" remote="3554909479" Dst="-1" /><file name="wordnet.rb" server="junkfood.cs.umd.edu//fs/www/class/fall2016/cmsc330/" local="3554740374" remote="3555002098" Dst="-1" /><file name="wordnet-fig3.png" server="junkfood.cs.umd.edu//fs/www/class/fall2016/cmsc330/" local="3554735406" remote="3555001532" Dst="-1" /></dwsync>