<?xml version="1.0" encoding="utf-8" ?><dwsync><file name=".DS_Store" server="junkfood.cs.umd.edu//fs/www/class/summer2016/cmsc330/" local="3547753186" remote="3547753458" Dst="-1" /><file name="ancestor1" server="junkfood.cs.umd.edu//fs/www/class/summer2016/cmsc330/" local="3547387638" remote="3547753458" Dst="-1" /><file name="ancestor2" server="junkfood.cs.umd.edu//fs/www/class/summer2016/cmsc330/" local="3547386864" remote="3547753458" Dst="-1" /><file name="ancestor3" server="junkfood.cs.umd.edu//fs/www/class/summer2016/cmsc330/" local="3547387892" remote="3547753458" Dst="-1" /><file name="ancestor4" server="junkfood.cs.umd.edu//fs/www/class/summer2016/cmsc330/" local="3547386930" remote="3547753458" Dst="-1" /><file name="hypernyms.txt" server="junkfood.cs.umd.edu//fs/www/class/summer2016/cmsc330/" local="3547383282" remote="3547753460" Dst="-1" /><file name="hypernyms1.txt" server="junkfood.cs.umd.edu//fs/www/class/summer2016/cmsc330/" local="3547422712" remote="3547753460" Dst="-1" /><file name="hypernyms2.txt" server="junkfood.cs.umd.edu//fs/www/class/summer2016/cmsc330/" local="3547416634" remote="3547753460" Dst="-1" /><file name="isnoun1" server="junkfood.cs.umd.edu//fs/www/class/summer2016/cmsc330/" local="3547385922" remote="3547753460" Dst="-1" /><file name="isnoun2" server="junkfood.cs.umd.edu//fs/www/class/summer2016/cmsc330/" local="3547385834" remote="3547753460" Dst="-1" /><file name="length1" server="junkfood.cs.umd.edu//fs/www/class/summer2016/cmsc330/" local="3547386774" remote="3547753460" Dst="-1" /><file name="length2" server="junkfood.cs.umd.edu//fs/www/class/summer2016/cmsc330/" local="3547386864" remote="3547753461" Dst="-1" /><file name="length3" server="junkfood.cs.umd.edu//fs/www/class/summer2016/cmsc330/" local="3547387856" remote="3547753461" Dst="-1" /><file name="length4" server="junkfood.cs.umd.edu//fs/www/class/summer2016/cmsc330/" local="3547386930" remote="3547753461" Dst="-1" /><file name="outcast1" server="junkfood.cs.umd.edu//fs/www/class/summer2016/cmsc330/" local="3547389572" remote="3547753461" Dst="-1" /><file name="outcast2" server="junkfood.cs.umd.edu//fs/www/class/summer2016/cmsc330/" local="3547561212" remote="3547753461" Dst="-1" /><file name="outcast3" server="junkfood.cs.umd.edu//fs/www/class/summer2016/cmsc330/" local="3547389982" remote="3547753461" Dst="-1" /><file name="root1" server="junkfood.cs.umd.edu//fs/www/class/summer2016/cmsc330/" local="3547388878" remote="3547753461" Dst="-1" /><file name="root2" server="junkfood.cs.umd.edu//fs/www/class/summer2016/cmsc330/" local="3547388896" remote="3547753461" Dst="-1" /><file name="root3" server="junkfood.cs.umd.edu//fs/www/class/summer2016/cmsc330/" local="3547389002" remote="3547753461" Dst="-1" /><file name="synsets.txt" server="junkfood.cs.umd.edu//fs/www/class/summer2016/cmsc330/" local="3547382868" remote="3547753464" Dst="-1" /><file name="synsets1.txt" server="junkfood.cs.umd.edu//fs/www/class/summer2016/cmsc330/" local="3547385426" remote="3547753464" Dst="-1" /><file name="synsets2.txt" server="junkfood.cs.umd.edu//fs/www/class/summer2016/cmsc330/" local="3547395764" remote="3547753464" Dst="-1" /><file name="synsets3.txt" server="junkfood.cs.umd.edu//fs/www/class/summer2016/cmsc330/" local="3547753060" remote="3547753464" Dst="-1" /><file name="synsets4.txt" server="junkfood.cs.umd.edu//fs/www/class/summer2016/cmsc330/" local="3547753060" remote="3547753464" Dst="-1" /><file name=".DS_Store" server="junkfood.cs.umd.edu//fs/www/class/fall2016/cmsc330/" local="3547753186" remote="3554909462" Dst="-1" /><file name="ancestor1" server="junkfood.cs.umd.edu//fs/www/class/fall2016/cmsc330/" local="3547387638" remote="3554909462" Dst="-1" /><file name="ancestor2" server="junkfood.cs.umd.edu//fs/www/class/fall2016/cmsc330/" local="3547386864" remote="3554909462" Dst="-1" /><file name="ancestor3" server="junkfood.cs.umd.edu//fs/www/class/fall2016/cmsc330/" local="3547387892" remote="3554909462" Dst="-1" /><file name="ancestor4" server="junkfood.cs.umd.edu//fs/www/class/fall2016/cmsc330/" local="3547386930" remote="3554909462" Dst="-1" /><file name="hypernyms.txt" server="junkfood.cs.umd.edu//fs/www/class/fall2016/cmsc330/" local="3547383282" remote="3554909463" Dst="-1" /><file name="hypernyms1.txt" server="junkfood.cs.umd.edu//fs/www/class/fall2016/cmsc330/" local="3547422712" remote="3554909464" Dst="-1" /><file name="hypernyms2.txt" server="junkfood.cs.umd.edu//fs/www/class/fall2016/cmsc330/" local="3547416634" remote="3554909464" Dst="-1" /><file name="isnoun1" server="junkfood.cs.umd.edu//fs/www/class/fall2016/cmsc330/" local="3547385922" remote="3554909464" Dst="-1" /><file name="isnoun2" server="junkfood.cs.umd.edu//fs/www/class/fall2016/cmsc330/" local="3547385834" remote="3554909464" Dst="-1" /><file name="length1" server="junkfood.cs.umd.edu//fs/www/class/fall2016/cmsc330/" local="3547386774" remote="3554909464" Dst="-1" /><file name="length2" server="junkfood.cs.umd.edu//fs/www/class/fall2016/cmsc330/" local="3547386864" remote="3554909464" Dst="-1" /><file name="length3" server="junkfood.cs.umd.edu//fs/www/class/fall2016/cmsc330/" local="3547387856" remote="3554909464" Dst="-1" /><file name="length4" server="junkfood.cs.umd.edu//fs/www/class/fall2016/cmsc330/" local="3547386930" remote="3554909464" Dst="-1" /><file name="outcast1" server="junkfood.cs.umd.edu//fs/www/class/fall2016/cmsc330/" local="3547389572" remote="3554909464" Dst="-1" /><file name="outcast2" server="junkfood.cs.umd.edu//fs/www/class/fall2016/cmsc330/" local="3547561212" remote="3554909464" Dst="-1" /><file name="outcast3" server="junkfood.cs.umd.edu//fs/www/class/fall2016/cmsc330/" local="3547389982" remote="3554909465" Dst="-1" /><file name="root1" server="junkfood.cs.umd.edu//fs/www/class/fall2016/cmsc330/" local="3547388878" remote="3554909465" Dst="-1" /><file name="root2" server="junkfood.cs.umd.edu//fs/www/class/fall2016/cmsc330/" local="3547388896" remote="3554909465" Dst="-1" /><file name="root3" server="junkfood.cs.umd.edu//fs/www/class/fall2016/cmsc330/" local="3547389002" remote="3554909465" Dst="-1" /><file name="synsets.txt" server="junkfood.cs.umd.edu//fs/www/class/fall2016/cmsc330/" local="3547382868" remote="3554909468" Dst="-1" /><file name="synsets1.txt" server="junkfood.cs.umd.edu//fs/www/class/fall2016/cmsc330/" local="3547385426" remote="3554909468" Dst="-1" /><file name="synsets2.txt" server="junkfood.cs.umd.edu//fs/www/class/fall2016/cmsc330/" local="3547395764" remote="3554909468" Dst="-1" /><file name="synsets3.txt" server="junkfood.cs.umd.edu//fs/www/class/fall2016/cmsc330/" local="3547753060" remote="3554909468" Dst="-1" /><file name="synsets4.txt" server="junkfood.cs.umd.edu//fs/www/class/fall2016/cmsc330/" local="3547753060" remote="3554909468" Dst="-1" /></dwsync>