<?xml version="1.0" encoding="utf-8" ?><dwsync><file name=".DS_Store" server="junkfood.cs.umd.edu//fs/www/class/summer2016/cmsc330/" local="3547507473" remote="3547507473" Dst="-1" /><file name="goTest2.sh" server="junkfood.cs.umd.edu//fs/www/class/summer2016/cmsc330/" local="3547507473" remote="3547507473" Dst="-1" /><file name="goRename2.sh" server="junkfood.cs.umd.edu//fs/www/class/summer2016/cmsc330/" local="3547507473" remote="3547507473" Dst="-1" /><file name="goRename.sh" server="junkfood.cs.umd.edu//fs/www/class/summer2016/cmsc330/" local="3547507473" remote="3547507473" Dst="-1" /><file name="goValidate.sh" server="junkfood.cs.umd.edu//fs/www/class/summer2016/cmsc330/" local="3547507473" remote="3547507473" Dst="-1" /><file name="goCreate.sh" server="junkfood.cs.umd.edu//fs/www/class/summer2016/cmsc330/" local="3547507473" remote="3547507473" Dst="-1" /><file name="goTest.sh" server="junkfood.cs.umd.edu//fs/www/class/summer2016/cmsc330/" local="3547507473" remote="3547507473" Dst="-1" /><file name="goTest.sh~" server="junkfood.cs.umd.edu//fs/www/class/summer2016/cmsc330/" local="3547507473" remote="3547507473" Dst="-1" /><file name=".DS_Store" server="junkfood.cs.umd.edu//fs/www/class/fall2016/cmsc330/" local="3547507473" remote="3554909477" Dst="-1" /><file name="goCreate.sh" server="junkfood.cs.umd.edu//fs/www/class/fall2016/cmsc330/" local="3547507473" remote="3554909477" Dst="-1" /><file name="goRename.sh" server="junkfood.cs.umd.edu//fs/www/class/fall2016/cmsc330/" local="3547507473" remote="3554909478" Dst="-1" /><file name="goRename2.sh" server="junkfood.cs.umd.edu//fs/www/class/fall2016/cmsc330/" local="3547507473" remote="3554909478" Dst="-1" /><file name="goTest.sh" server="junkfood.cs.umd.edu//fs/www/class/fall2016/cmsc330/" local="3547507473" remote="3554909478" Dst="-1" /><file name="goTest.sh~" server="junkfood.cs.umd.edu//fs/www/class/fall2016/cmsc330/" local="3547507473" remote="3554909478" Dst="-1" /><file name="goTest2.sh" server="junkfood.cs.umd.edu//fs/www/class/fall2016/cmsc330/" local="3547507473" remote="3554909478" Dst="-1" /><file name="goValidate.sh" server="junkfood.cs.umd.edu//fs/www/class/fall2016/cmsc330/" local="3547507473" remote="3554909478" Dst="-1" /></dwsync>